<?xml version="1.0" encoding="UTF-8"?>
<beans xmlns="http://www.springframework.org/schema/beans"
       xmlns:xsi="http://www.w3.org/2001/XMLSchema-instance" xmlns:p="http://www.springframework.org/schema/p"
       xmlns:tx="http://www.springframework.org/schema/tx"
       xmlns:context="http://www.springframework.org/schema/context"
       xmlns:mvc="http://www.springframework.org/schema/mvc"
       xsi:schemaLocation="http://www.springframework.org/schema/beans
                        http://www.springframework.org/schema/beans/spring-beans.xsd
                        http://www.springframework.org/schema/context
                        http://www.springframework.org/schema/context/spring-context.xsd
                        http://www.springframework.org/schema/mvc
                        http://www.springframework.org/schema/mvc/spring-mvc.xsd
                        http://www.springframework.org/schema/tx
                        http://www.springframework.org/schema/tx/spring-tx.xsd">

    <!-- 自动扫描该包，使SpringMVC认为包下用了@controller注解的类是控制器 -->
    <context:component-scan base-package="com.web.controller"></context:component-scan>
    <!-- 扩充了注解驱动，可以将请求参数绑定到控制器参数 -->
    <mvc:annotation-driven/>
    <mvc:default-servlet-handler/>
    <!-- 配置事务管理器
    <bean id="transactionManager"
          class="org.springframework.jdbc.datasource.DataSourceTransactionManager">
        <!- 注入数据库连接池 ->
        <property name="dataSource" ref="dataSource"/>
    </bean>
    -->
    <!-- freemarker配置 -->
    <bean id="freemarkerConfig"
          class="org.springframework.web.servlet.view.freemarker.FreeMarkerConfigurer">
        <property name="templateLoaderPath" value="/WEB-INF/freemarker" />
        <property name="templateLoaderPaths" value="/template"/>
        <property name="freemarkerSettings">
            <props>
                <prop key="template_update_delay">0</prop><!--刷新模板的周期，单位为秒-->
                <prop key="defaultEncoding">UTF-8</prop><!--模板的编码格式 -->
            </props>
        </property>
    </bean>
    <!-- freemarker视图解析器 -->
    <bean
            class="org.springframework.web.servlet.view.ContentNegotiatingViewResolver">
        <property name="viewResolvers">
            <list>
                <bean id="viewResolver"
                      class="org.springframework.web.servlet.view.freemarker.FreeMarkerViewResolver">
                    <property name="cache" value="true" />
                    <property name="prefix" value="" />
                    <property name="suffix" value=".ftl" />
                    <property name="contentType" value="text/html; charset=UTF-8" />
                </bean>
            </list>
        </property>
        <property name="defaultViews">
            <list>
                <bean
                        class="org.springframework.web.servlet.view.json.MappingJackson2JsonView" />
            </list>
        </property>
    </bean>
    <!-- SpringMVC上传文件时，需要配置MultipartResolver处理器 -->
    <bean id="multipartResolver"
          class="org.springframework.web.multipart.commons.CommonsMultipartResolver">
        <property name="defaultEncoding" value="UTF-8" />
        <!-- 指定所上传文件的总大小,单位字节。注意maxUploadSize属性的限制不是针对单个文件，而是所有文件的容量之和 -->
        <property name="maxUploadSize" value="10240000" />
    </bean>

    <!--注册拦截器-->

</beans>
